<?xml version="1.0" encoding="gb2312" standalone="yes" ?>
<PRODUCT>
    <ProductID>AS03_IRS_GE_KS_009365_20250327134841_001_014_L2_00001619.meta</ProductID>
    <SceneID>AS03_IRS_GE_KS_009365_20250327134841_001_014</SceneID>
    <SegmentID>AS03_IRS_GE_KS_009365_20250327134843_001</SegmentID>
    <Satellite>AS03</Satellite>
    <Sensor>IRS</Sensor>
    <SensorID>IRS</SensorID>
    <SensorMode>GE</SensorMode>
    <SatelliteInfo>
        <OrbitDirection>ASC</OrbitDirection>
        <RollAngle>-19.954195</RollAngle>
        <PitchAngle>0.003250</PitchAngle>
        <YawAngle>-3.147192</YawAngle>
        <SatelliteAzimuth>4.580818</SatelliteAzimuth>
        <SatelliteElevation>1.218733</SatelliteElevation>
    </SatelliteInfo>
    <SensorInfo>
        <IntegratedTime>2296.000000</IntegratedTime>
        <IntegratedLevel>0</IntegratedLevel>
        <GainLevel>0.000000</GainLevel>
        <SolarAzimuth>-0.962629</SolarAzimuth>
        <SolarElevation>0.275496</SolarElevation>
    </SensorInfo>
    <StationInfo>
        <StationID>KS</StationID>
        <TrPlanID>3177</TrPlanID>
        <Mode>2</Mode>
    </StationInfo>
    <ProductInfo>
        <ProductType>L2</ProductType>
        <ProductFormat>Geotiff</ProductFormat>
        <BrowseFileFormat>jpg</BrowseFileFormat>
        <ProductGentime>2025-04-03T01:17:11.901Z</ProductGentime>
    </ProductInfo>
    <ImageInfo>
        <StartTime>2025-03-27T13:48:41.111Z</StartTime>
        <EndTime>2025-03-27T13:48:41.111Z</EndTime>
        <CenterTime>2025-03-27T13:48:41.111Z</CenterTime>
        <SceneShift>0.000000</SceneShift>
        <NumSamples>1280</NumSamples>
        <NumLines>1024</NumLines>
        <SampleSpacing>10.000000</SampleSpacing>
        <LineSpacing >10.000000</LineSpacing >
        <Width>14.210000</Width>
        <Height>10.570000</Height>
        <ImageBits>16</ImageBits>
        <CenterLocation>
            <Latitude>23.997325</Latitude>
            <Longitude>121.613706</Longitude>
        </CenterLocation>
        <Corners>
            <TopLeft>
                <Latitude>24.032192</Latitude>
                <Longitude>121.535955</Longitude>
            </TopLeft>
            <TopRight>
                <Latitude>24.056424</Latitude>
                <Longitude>121.673163</Longitude>
            </TopRight>
            <BottomLeft>
                <Latitude>23.938800</Latitude>
                <Longitude>121.554942</Longitude>
            </BottomLeft>
            <BottomRight>
                <Latitude>23.962096</Latitude>
                <Longitude>121.692198</Longitude>
            </BottomRight>
        </Corners>
        <Bands>1</Bands>
        <CloudPercent>0.000000</CloudPercent>
    </ImageInfo>
    <ProcessInfo>
        <EarthModel>WGS84</EarthModel>
        <ProjectModel>UTM</ProjectModel>
        <CRS>WGS84</CRS>
        <Resampling>1</Resampling>
        <GeorectifyModel>1</GeorectifyModel>
    </ProcessInfo>
</PRODUCT>
