<?xml version="1.0" encoding="gb2312" standalone="yes" ?>
<PRODUCT>
    <ProductID>AS03_IRS_GE_DL_009633_20250414025314_001_017_L2_00001690.meta</ProductID>
    <SceneID>AS03_IRS_GE_DL_009633_20250414025314_001_017</SceneID>
    <SegmentID>AS03_IRS_GE_DL_009633_20250414025315_001</SegmentID>
    <Satellite>AS03</Satellite>
    <Sensor>IRS</Sensor>
    <SensorID>IRS</SensorID>
    <SensorMode>GE</SensorMode>
    <SatelliteInfo>
        <OrbitDirection>ASC</OrbitDirection>
        <RollAngle>-21.403183</RollAngle>
        <PitchAngle>-0.003749</PitchAngle>
        <YawAngle>-2.716455</YawAngle>
        <SatelliteAzimuth>4.570754</SatelliteAzimuth>
        <SatelliteElevation>1.192797</SatelliteElevation>
    </SatelliteInfo>
    <SensorInfo>
        <IntegratedTime>2296.000000</IntegratedTime>
        <IntegratedLevel>0</IntegratedLevel>
        <GainLevel>0.000000</GainLevel>
        <SolarAzimuth>-1.362989</SolarAzimuth>
        <SolarElevation>-0.410413</SolarElevation>
    </SensorInfo>
    <StationInfo>
        <StationID>DL</StationID>
        <TrPlanID>3271</TrPlanID>
        <Mode>2</Mode>
    </StationInfo>
    <ProductInfo>
        <ProductType>L2</ProductType>
        <ProductFormat>Geotiff</ProductFormat>
        <BrowseFileFormat>jpg</BrowseFileFormat>
        <ProductGentime>2025-04-27T02:11:39.661Z</ProductGentime>
    </ProductInfo>
    <ImageInfo>
        <StartTime>2025-04-14T02:53:14.697Z</StartTime>
        <EndTime>2025-04-14T02:53:14.697Z</EndTime>
        <CenterTime>2025-04-14T02:53:14.697Z</CenterTime>
        <SceneShift>0.000000</SceneShift>
        <NumSamples>1280</NumSamples>
        <NumLines>1024</NumLines>
        <SampleSpacing>10.000000</SampleSpacing>
        <LineSpacing >10.000000</LineSpacing >
        <Width>14.200000</Width>
        <Height>10.430000</Height>
        <ImageBits>16</ImageBits>
        <CenterLocation>
            <Latitude>36.933546</Latitude>
            <Longitude>-76.311283</Longitude>
        </CenterLocation>
        <Corners>
            <TopLeft>
                <Latitude>36.967577</Latitude>
                <Longitude>-76.400006</Longitude>
            </TopLeft>
            <TopRight>
                <Latitude>36.992189</Latitude>
                <Longitude>-76.243378</Longitude>
            </TopRight>
            <BottomLeft>
                <Latitude>36.875508</Latitude>
                <Longitude>-76.378295</Longitude>
            </BottomLeft>
            <BottomRight>
                <Latitude>36.899108</Latitude>
                <Longitude>-76.221675</Longitude>
            </BottomRight>
        </Corners>
        <Bands>1</Bands>
        <CloudPercent>0.000000</CloudPercent>
    </ImageInfo>
    <ProcessInfo>
        <EarthModel>WGS84</EarthModel>
        <ProjectModel>UTM</ProjectModel>
        <CRS>WGS84</CRS>
        <Resampling>1</Resampling>
        <GeorectifyModel>1</GeorectifyModel>
    </ProcessInfo>
</PRODUCT>
